{
   "0":{
      "created_at":"Sat Mar 08 07:48:35 +0000 2014",
      "id":442205221695942656,
      "id_str":"442205221695942656",
      "text":"so decadent",
      "source":"web",
      "truncated":false,
      "in_reply_to_status_id":null,
      "in_reply_to_status_id_str":null,
      "in_reply_to_user_id":null,
      "in_reply_to_user_id_str":null,
      "in_reply_to_screen_name":null,
      "user":{
         "id":15258069,
         "id_str":"15258069",
         "name":"Danny Blackstock",
         "screen_name":"The_Blackstock",
         "location":"Vancouver",
         "description":"Seasoned seasonal seasoning seasoner.",
         "url":"http:\/\/t.co\/bN8E2Y6eDY",
         "entities":{
            "url":{
               "urls":[
                  {
                     "url":"http:\/\/t.co\/bN8E2Y6eDY",
                     "expanded_url":"http:\/\/www.dannyblackstock.com",
                     "display_url":"dannyblackstock.com",
                     "indices":[
                        0,
                        22
                     ]
                  }
               ]
            },
            "description":{
               "urls":[

               ]
            }
         },
         "protected":false,
         "followers_count":102,
         "friends_count":286,
         "listed_count":2,
         "created_at":"Fri Jun 27 21:22:22 +0000 2008",
         "favourites_count":4283,
         "utc_offset":-28800,
         "time_zone":"Pacific Time (US & Canada)",
         "geo_enabled":true,
         "verified":false,
         "statuses_count":1977,
         "lang":"en",
         "contributors_enabled":false,
         "is_translator":false,
         "is_translation_enabled":false,
         "profile_background_color":"5B79F0",
         "profile_background_image_url":"http:\/\/abs.twimg.com\/images\/themes\/theme16\/bg.gif",
         "profile_background_image_url_https":"https:\/\/abs.twimg.com\/images\/themes\/theme16\/bg.gif",
         "profile_background_tile":false,
         "profile_image_url":"http:\/\/pbs.twimg.com\/profile_images\/3460332589\/3465f8afa3929744c6dc4c9237722f05_normal.jpeg",
         "profile_image_url_https":"https:\/\/pbs.twimg.com\/profile_images\/3460332589\/3465f8afa3929744c6dc4c9237722f05_normal.jpeg",
         "profile_banner_url":"https:\/\/pbs.twimg.com\/profile_banners\/15258069\/1354828481",
         "profile_link_color":"FF0000",
         "profile_sidebar_border_color":"BDDCAD",
         "profile_sidebar_fill_color":"DDFFCC",
         "profile_text_color":"333333",
         "profile_use_background_image":false,
         "default_profile":false,
         "default_profile_image":false,
         "following":false,
         "follow_request_sent":false,
         "notifications":false
      },
      "geo":null,
      "coordinates":null,
      "place":null,
      "contributors":null,
      "retweet_count":0,
      "favorite_count":0,
      "entities":{
         "hashtags":[

         ],
         "symbols":[

         ],
         "urls":[

         ],
         "user_mentions":[

         ]
      },
      "favorited":false,
      "retweeted":false,
      "lang":"en"
   },
   "1":{
      "created_at":"Sat Mar 08 05:29:37 +0000 2014",
      "id":442170250428047361,
      "id_str":"442170250428047361",
      "text":"so cooool. http:\/\/t.co\/DhHYD86ju0",
      "source":"web",
      "truncated":false,
      "in_reply_to_status_id":null,
      "in_reply_to_status_id_str":null,
      "in_reply_to_user_id":null,
      "in_reply_to_user_id_str":null,
      "in_reply_to_screen_name":null,
      "user":{
         "id":15258069,
         "id_str":"15258069",
         "name":"Danny Blackstock",
         "screen_name":"The_Blackstock",
         "location":"Vancouver",
         "description":"Seasoned seasonal seasoning seasoner.",
         "url":"http:\/\/t.co\/bN8E2Y6eDY",
         "entities":{
            "url":{
               "urls":[
                  {
                     "url":"http:\/\/t.co\/bN8E2Y6eDY",
                     "expanded_url":"http:\/\/www.dannyblackstock.com",
                     "display_url":"dannyblackstock.com",
                     "indices":[
                        0,
                        22
                     ]
                  }
               ]
            },
            "description":{
               "urls":[

               ]
            }
         },
         "protected":false,
         "followers_count":102,
         "friends_count":286,
         "listed_count":2,
         "created_at":"Fri Jun 27 21:22:22 +0000 2008",
         "favourites_count":4283,
         "utc_offset":-28800,
         "time_zone":"Pacific Time (US & Canada)",
         "geo_enabled":true,
         "verified":false,
         "statuses_count":1977,
         "lang":"en",
         "contributors_enabled":false,
         "is_translator":false,
         "is_translation_enabled":false,
         "profile_background_color":"5B79F0",
         "profile_background_image_url":"http:\/\/abs.twimg.com\/images\/themes\/theme16\/bg.gif",
         "profile_background_image_url_https":"https:\/\/abs.twimg.com\/images\/themes\/theme16\/bg.gif",
         "profile_background_tile":false,
         "profile_image_url":"http:\/\/pbs.twimg.com\/profile_images\/3460332589\/3465f8afa3929744c6dc4c9237722f05_normal.jpeg",
         "profile_image_url_https":"https:\/\/pbs.twimg.com\/profile_images\/3460332589\/3465f8afa3929744c6dc4c9237722f05_normal.jpeg",
         "profile_banner_url":"https:\/\/pbs.twimg.com\/profile_banners\/15258069\/1354828481",
         "profile_link_color":"FF0000",
         "profile_sidebar_border_color":"BDDCAD",
         "profile_sidebar_fill_color":"DDFFCC",
         "profile_text_color":"333333",
         "profile_use_background_image":false,
         "default_profile":false,
         "default_profile_image":false,
         "following":false,
         "follow_request_sent":false,
         "notifications":false
      },
      "geo":null,
      "coordinates":null,
      "place":null,
      "contributors":null,
      "retweet_count":0,
      "favorite_count":1,
      "entities":{
         "hashtags":[

         ],
         "symbols":[

         ],
         "urls":[
            {
               "url":"http:\/\/t.co\/DhHYD86ju0",
               "expanded_url":"http:\/\/lab.maltewassermann.com\/viewport-resizer\/",
               "display_url":"lab.maltewassermann.com\/viewport-resiz\u2026",
               "indices":[
                  11,
                  33
               ]
            }
         ],
         "user_mentions":[

         ]
      },
      "favorited":false,
      "retweeted":false,
      "possibly_sensitive":false,
      "lang":"ht"
   },
   "2":{
      "created_at":"Fri Mar 07 06:42:37 +0000 2014",
      "id":441826231546167298,
      "id_str":"441826231546167298",
      "text":".@EvidentPoint in the @SIAT_SFU handbook. In the big leagues now. @adriankwok @happyspork @dmitrym @ScottMielcarski http:\/\/t.co\/nt3bR2o5Lt",
      "source":"<a href=\"http:\/\/twitter.com\/download\/android\" rel=\"nofollow\">Twitter for Android<\/a>",
      "truncated":false,
      "in_reply_to_status_id":null,
      "in_reply_to_status_id_str":null,
      "in_reply_to_user_id":null,
      "in_reply_to_user_id_str":null,
      "in_reply_to_screen_name":null,
      "user":{
         "id":15258069,
         "id_str":"15258069",
         "name":"Danny Blackstock",
         "screen_name":"The_Blackstock",
         "location":"Vancouver",
         "description":"Seasoned seasonal seasoning seasoner.",
         "url":"http:\/\/t.co\/bN8E2Y6eDY",
         "entities":{
            "url":{
               "urls":[
                  {
                     "url":"http:\/\/t.co\/bN8E2Y6eDY",
                     "expanded_url":"http:\/\/www.dannyblackstock.com",
                     "display_url":"dannyblackstock.com",
                     "indices":[
                        0,
                        22
                     ]
                  }
               ]
            },
            "description":{
               "urls":[

               ]
            }
         },
         "protected":false,
         "followers_count":102,
         "friends_count":286,
         "listed_count":2,
         "created_at":"Fri Jun 27 21:22:22 +0000 2008",
         "favourites_count":4283,
         "utc_offset":-28800,
         "time_zone":"Pacific Time (US & Canada)",
         "geo_enabled":true,
         "verified":false,
         "statuses_count":1977,
         "lang":"en",
         "contributors_enabled":false,
         "is_translator":false,
         "is_translation_enabled":false,
         "profile_background_color":"5B79F0",
         "profile_background_image_url":"http:\/\/abs.twimg.com\/images\/themes\/theme16\/bg.gif",
         "profile_background_image_url_https":"https:\/\/abs.twimg.com\/images\/themes\/theme16\/bg.gif",
         "profile_background_tile":false,
         "profile_image_url":"http:\/\/pbs.twimg.com\/profile_images\/3460332589\/3465f8afa3929744c6dc4c9237722f05_normal.jpeg",
         "profile_image_url_https":"https:\/\/pbs.twimg.com\/profile_images\/3460332589\/3465f8afa3929744c6dc4c9237722f05_normal.jpeg",
         "profile_banner_url":"https:\/\/pbs.twimg.com\/profile_banners\/15258069\/1354828481",
         "profile_link_color":"FF0000",
         "profile_sidebar_border_color":"BDDCAD",
         "profile_sidebar_fill_color":"DDFFCC",
         "profile_text_color":"333333",
         "profile_use_background_image":false,
         "default_profile":false,
         "default_profile_image":false,
         "following":false,
         "follow_request_sent":false,
         "notifications":false
      },
      "geo":null,
      "coordinates":null,
      "place":null,
      "contributors":null,
      "retweet_count":2,
      "favorite_count":5,
      "entities":{
         "hashtags":[

         ],
         "symbols":[

         ],
         "urls":[

         ],
         "user_mentions":[
            {
               "screen_name":"EvidentPoint",
               "name":"Evident Point",
               "id":119916270,
               "id_str":"119916270",
               "indices":[
                  1,
                  14
               ]
            },
            {
               "screen_name":"SIAT_SFU",
               "name":"SIAT",
               "id":45701038,
               "id_str":"45701038",
               "indices":[
                  22,
                  31
               ]
            },
            {
               "screen_name":"adriankwok",
               "name":"Adrian Kwok",
               "id":40978004,
               "id_str":"40978004",
               "indices":[
                  66,
                  77
               ]
            },
            {
               "screen_name":"happyspork",
               "name":"Ben Anderman",
               "id":35856349,
               "id_str":"35856349",
               "indices":[
                  78,
                  89
               ]
            },
            {
               "screen_name":"dmitrym",
               "name":"dmitrym",
               "id":5200101,
               "id_str":"5200101",
               "indices":[
                  90,
                  98
               ]
            },
            {
               "screen_name":"ScottMielcarski",
               "name":"Scott Mielcarski",
               "id":613983353,
               "id_str":"613983353",
               "indices":[
                  99,
                  115
               ]
            }
         ],
         "media":[
            {
               "id":441826231386771456,
               "id_str":"441826231386771456",
               "indices":[
                  116,
                  138
               ],
               "media_url":"http:\/\/pbs.twimg.com\/media\/BiGundZCEAAG79v.jpg",
               "media_url_https":"https:\/\/pbs.twimg.com\/media\/BiGundZCEAAG79v.jpg",
               "url":"http:\/\/t.co\/nt3bR2o5Lt",
               "display_url":"pic.twitter.com\/nt3bR2o5Lt",
               "expanded_url":"http:\/\/twitter.com\/The_Blackstock\/status\/441826231546167298\/photo\/1",
               "type":"photo",
               "sizes":{
                  "small":{
                     "w":340,
                     "h":239,
                     "resize":"fit"
                  },
                  "medium":{
                     "w":600,
                     "h":423,
                     "resize":"fit"
                  },
                  "thumb":{
                     "w":150,
                     "h":150,
                     "resize":"crop"
                  },
                  "large":{
                     "w":1021,
                     "h":719,
                     "resize":"fit"
                  }
               }
            }
         ]
      },
      "favorited":false,
      "retweeted":false,
      "possibly_sensitive":false,
      "lang":"en"
   },
   "3":{
      "created_at":"Fri Mar 07 05:55:51 +0000 2014",
      "id":441814463251898368,
      "id_str":"441814463251898368",
      "text":"@EdwyWoo its not mine haha. I just knew you'd like the colour :p",
      "source":"<a href=\"http:\/\/twitter.com\/download\/android\" rel=\"nofollow\">Twitter for Android<\/a>",
      "truncated":false,
      "in_reply_to_status_id":441813397017858048,
      "in_reply_to_status_id_str":"441813397017858048",
      "in_reply_to_user_id":117812705,
      "in_reply_to_user_id_str":"117812705",
      "in_reply_to_screen_name":"EdwyWoo",
      "user":{
         "id":15258069,
         "id_str":"15258069",
         "name":"Danny Blackstock",
         "screen_name":"The_Blackstock",
         "location":"Vancouver",
         "description":"Seasoned seasonal seasoning seasoner.",
         "url":"http:\/\/t.co\/bN8E2Y6eDY",
         "entities":{
            "url":{
               "urls":[
                  {
                     "url":"http:\/\/t.co\/bN8E2Y6eDY",
                     "expanded_url":"http:\/\/www.dannyblackstock.com",
                     "display_url":"dannyblackstock.com",
                     "indices":[
                        0,
                        22
                     ]
                  }
               ]
            },
            "description":{
               "urls":[

               ]
            }
         },
         "protected":false,
         "followers_count":102,
         "friends_count":286,
         "listed_count":2,
         "created_at":"Fri Jun 27 21:22:22 +0000 2008",
         "favourites_count":4283,
         "utc_offset":-28800,
         "time_zone":"Pacific Time (US & Canada)",
         "geo_enabled":true,
         "verified":false,
         "statuses_count":1977,
         "lang":"en",
         "contributors_enabled":false,
         "is_translator":false,
         "is_translation_enabled":false,
         "profile_background_color":"5B79F0",
         "profile_background_image_url":"http:\/\/abs.twimg.com\/images\/themes\/theme16\/bg.gif",
         "profile_background_image_url_https":"https:\/\/abs.twimg.com\/images\/themes\/theme16\/bg.gif",
         "profile_background_tile":false,
         "profile_image_url":"http:\/\/pbs.twimg.com\/profile_images\/3460332589\/3465f8afa3929744c6dc4c9237722f05_normal.jpeg",
         "profile_image_url_https":"https:\/\/pbs.twimg.com\/profile_images\/3460332589\/3465f8afa3929744c6dc4c9237722f05_normal.jpeg",
         "profile_banner_url":"https:\/\/pbs.twimg.com\/profile_banners\/15258069\/1354828481",
         "profile_link_color":"FF0000",
         "profile_sidebar_border_color":"BDDCAD",
         "profile_sidebar_fill_color":"DDFFCC",
         "profile_text_color":"333333",
         "profile_use_background_image":false,
         "default_profile":false,
         "default_profile_image":false,
         "following":false,
         "follow_request_sent":false,
         "notifications":false
      },
      "geo":null,
      "coordinates":null,
      "place":null,
      "contributors":null,
      "retweet_count":0,
      "favorite_count":1,
      "entities":{
         "hashtags":[

         ],
         "symbols":[

         ],
         "urls":[

         ],
         "user_mentions":[
            {
               "screen_name":"EdwyWoo",
               "name":"Edwy ",
               "id":117812705,
               "id_str":"117812705",
               "indices":[
                  0,
                  8
               ]
            }
         ]
      },
      "favorited":false,
      "retweeted":false,
      "lang":"en"
   },
   "4":{
      "created_at":"Fri Mar 07 05:49:17 +0000 2014",
      "id":441812812357062658,
      "id_str":"441812812357062658",
      "text":"Check it @EdwyWoo http:\/\/t.co\/zPUiWgh72n",
      "source":"<a href=\"http:\/\/twitter.com\/download\/android\" rel=\"nofollow\">Twitter for Android<\/a>",
      "truncated":false,
      "in_reply_to_status_id":null,
      "in_reply_to_status_id_str":null,
      "in_reply_to_user_id":null,
      "in_reply_to_user_id_str":null,
      "in_reply_to_screen_name":null,
      "user":{
         "id":15258069,
         "id_str":"15258069",
         "name":"Danny Blackstock",
         "screen_name":"The_Blackstock",
         "location":"Vancouver",
         "description":"Seasoned seasonal seasoning seasoner.",
         "url":"http:\/\/t.co\/bN8E2Y6eDY",
         "entities":{
            "url":{
               "urls":[
                  {
                     "url":"http:\/\/t.co\/bN8E2Y6eDY",
                     "expanded_url":"http:\/\/www.dannyblackstock.com",
                     "display_url":"dannyblackstock.com",
                     "indices":[
                        0,
                        22
                     ]
                  }
               ]
            },
            "description":{
               "urls":[

               ]
            }
         },
         "protected":false,
         "followers_count":102,
         "friends_count":286,
         "listed_count":2,
         "created_at":"Fri Jun 27 21:22:22 +0000 2008",
         "favourites_count":4283,
         "utc_offset":-28800,
         "time_zone":"Pacific Time (US & Canada)",
         "geo_enabled":true,
         "verified":false,
         "statuses_count":1977,
         "lang":"en",
         "contributors_enabled":false,
         "is_translator":false,
         "is_translation_enabled":false,
         "profile_background_color":"5B79F0",
         "profile_background_image_url":"http:\/\/abs.twimg.com\/images\/themes\/theme16\/bg.gif",
         "profile_background_image_url_https":"https:\/\/abs.twimg.com\/images\/themes\/theme16\/bg.gif",
         "profile_background_tile":false,
         "profile_image_url":"http:\/\/pbs.twimg.com\/profile_images\/3460332589\/3465f8afa3929744c6dc4c9237722f05_normal.jpeg",
         "profile_image_url_https":"https:\/\/pbs.twimg.com\/profile_images\/3460332589\/3465f8afa3929744c6dc4c9237722f05_normal.jpeg",
         "profile_banner_url":"https:\/\/pbs.twimg.com\/profile_banners\/15258069\/1354828481",
         "profile_link_color":"FF0000",
         "profile_sidebar_border_color":"BDDCAD",
         "profile_sidebar_fill_color":"DDFFCC",
         "profile_text_color":"333333",
         "profile_use_background_image":false,
         "default_profile":false,
         "default_profile_image":false,
         "following":false,
         "follow_request_sent":false,
         "notifications":false
      },
      "geo":null,
      "coordinates":null,
      "place":null,
      "contributors":null,
      "retweet_count":2,
      "favorite_count":0,
      "entities":{
         "hashtags":[

         ],
         "symbols":[

         ],
         "urls":[

         ],
         "user_mentions":[
            {
               "screen_name":"EdwyWoo",
               "name":"Edwy ",
               "id":117812705,
               "id_str":"117812705",
               "indices":[
                  9,
                  17
               ]
            }
         ],
         "media":[
            {
               "id":441812812155723776,
               "id_str":"441812812155723776",
               "indices":[
                  18,
                  40
               ],
               "media_url":"http:\/\/pbs.twimg.com\/media\/BiGiaW3CIAAQOX5.jpg",
               "media_url_https":"https:\/\/pbs.twimg.com\/media\/BiGiaW3CIAAQOX5.jpg",
               "url":"http:\/\/t.co\/zPUiWgh72n",
               "display_url":"pic.twitter.com\/zPUiWgh72n",
               "expanded_url":"http:\/\/twitter.com\/The_Blackstock\/status\/441812812357062658\/photo\/1",
               "type":"photo",
               "sizes":{
                  "medium":{
                     "w":600,
                     "h":1066,
                     "resize":"fit"
                  },
                  "small":{
                     "w":340,
                     "h":604,
                     "resize":"fit"
                  },
                  "thumb":{
                     "w":150,
                     "h":150,
                     "resize":"crop"
                  },
                  "large":{
                     "w":720,
                     "h":1280,
                     "resize":"fit"
                  }
               }
            }
         ]
      },
      "favorited":false,
      "retweeted":false,
      "possibly_sensitive":false,
      "lang":"en"
   },
   "httpstatus":200
}