{"0":{"created_at":"Sat Mar 29 06:23:01 +0000 2014","id":449793833606189056,"id_str":"449793833606189056","text":"@maheen_sohail what are you building","source":"<a href=\"http:\/\/twitter.com\/download\/android\" rel=\"nofollow\">Twitter for Android<\/a>","truncated":false,"in_reply_to_status_id":449773959047688192,"in_reply_to_status_id_str":"449773959047688192","in_reply_to_user_id":1182248054,"in_reply_to_user_id_str":"1182248054","in_reply_to_screen_name":"maheen_sohail","user":{"id":15258069,"id_str":"15258069","name":"Danny Blackstock","screen_name":"The_Blackstock","location":"Vancouver","description":"Seasoned seasonal seasoning seasoner.","url":"http:\/\/t.co\/bN8E2Y6eDY","entities":{"url":{"urls":[{"url":"http:\/\/t.co\/bN8E2Y6eDY","expanded_url":"http:\/\/www.dannyblackstock.com","display_url":"dannyblackstock.com","indices":[0,22]}]},"description":{"urls":[]}},"protected":false,"followers_count":104,"friends_count":296,"listed_count":2,"created_at":"Fri Jun 27 21:22:22 +0000 2008","favourites_count":4497,"utc_offset":-25200,"time_zone":"Pacific Time (US & Canada)","geo_enabled":true,"verified":false,"statuses_count":2016,"lang":"en","contributors_enabled":false,"is_translator":false,"is_translation_enabled":false,"profile_background_color":"5B79F0","profile_background_image_url":"http:\/\/abs.twimg.com\/images\/themes\/theme16\/bg.gif","profile_background_image_url_https":"https:\/\/abs.twimg.com\/images\/themes\/theme16\/bg.gif","profile_background_tile":false,"profile_image_url":"http:\/\/pbs.twimg.com\/profile_images\/3460332589\/3465f8afa3929744c6dc4c9237722f05_normal.jpeg","profile_image_url_https":"https:\/\/pbs.twimg.com\/profile_images\/3460332589\/3465f8afa3929744c6dc4c9237722f05_normal.jpeg","profile_banner_url":"https:\/\/pbs.twimg.com\/profile_banners\/15258069\/1354828481","profile_link_color":"FF0000","profile_sidebar_border_color":"BDDCAD","profile_sidebar_fill_color":"DDFFCC","profile_text_color":"333333","profile_use_background_image":false,"default_profile":false,"default_profile_image":false,"following":false,"follow_request_sent":false,"notifications":false},"geo":null,"coordinates":null,"place":null,"contributors":null,"retweet_count":0,"favorite_count":0,"entities":{"hashtags":[],"symbols":[],"urls":[],"user_mentions":[{"screen_name":"maheen_sohail","name":"Maheen Sohail","id":1182248054,"id_str":"1182248054","indices":[0,14]}]},"favorited":false,"retweeted":false,"lang":"en"},"1":{"created_at":"Sat Mar 29 01:39:05 +0000 2014","id":449722379170639872,"id_str":"449722379170639872","text":"RT @YoungNeilB: Im growing my hair out because I want a relationship and be the boyfriend who looks like the girlfriend that he had in Febr\u2026","source":"<a href=\"http:\/\/twitter.com\/download\/android\" rel=\"nofollow\">Twitter for Android<\/a>","truncated":false,"in_reply_to_status_id":null,"in_reply_to_status_id_str":null,"in_reply_to_user_id":null,"in_reply_to_user_id_str":null,"in_reply_to_screen_name":null,"user":{"id":15258069,"id_str":"15258069","name":"Danny Blackstock","screen_name":"The_Blackstock","location":"Vancouver","description":"Seasoned seasonal seasoning seasoner.","url":"http:\/\/t.co\/bN8E2Y6eDY","entities":{"url":{"urls":[{"url":"http:\/\/t.co\/bN8E2Y6eDY","expanded_url":"http:\/\/www.dannyblackstock.com","display_url":"dannyblackstock.com","indices":[0,22]}]},"description":{"urls":[]}},"protected":false,"followers_count":104,"friends_count":296,"listed_count":2,"created_at":"Fri Jun 27 21:22:22 +0000 2008","favourites_count":4497,"utc_offset":-25200,"time_zone":"Pacific Time (US & Canada)","geo_enabled":true,"verified":false,"statuses_count":2016,"lang":"en","contributors_enabled":false,"is_translator":false,"is_translation_enabled":false,"profile_background_color":"5B79F0","profile_background_image_url":"http:\/\/abs.twimg.com\/images\/themes\/theme16\/bg.gif","profile_background_image_url_https":"https:\/\/abs.twimg.com\/images\/themes\/theme16\/bg.gif","profile_background_tile":false,"profile_image_url":"http:\/\/pbs.twimg.com\/profile_images\/3460332589\/3465f8afa3929744c6dc4c9237722f05_normal.jpeg","profile_image_url_https":"https:\/\/pbs.twimg.com\/profile_images\/3460332589\/3465f8afa3929744c6dc4c9237722f05_normal.jpeg","profile_banner_url":"https:\/\/pbs.twimg.com\/profile_banners\/15258069\/1354828481","profile_link_color":"FF0000","profile_sidebar_border_color":"BDDCAD","profile_sidebar_fill_color":"DDFFCC","profile_text_color":"333333","profile_use_background_image":false,"default_profile":false,"default_profile_image":false,"following":false,"follow_request_sent":false,"notifications":false},"geo":null,"coordinates":null,"place":null,"contributors":null,"retweeted_status":{"created_at":"Sat Mar 29 00:03:54 +0000 2014","id":449698425752129537,"id_str":"449698425752129537","text":"Im growing my hair out because I want a relationship and be the boyfriend who looks like the girlfriend that he had in February of last year","source":"<a href=\"http:\/\/twitter.com\/download\/iphone\" rel=\"nofollow\">Twitter for iPhone<\/a>","truncated":false,"in_reply_to_status_id":null,"in_reply_to_status_id_str":null,"in_reply_to_user_id":null,"in_reply_to_user_id_str":null,"in_reply_to_screen_name":null,"user":{"id":26910388,"id_str":"26910388","name":"Neil","screen_name":"YoungNeilB","location":"Pocompton","description":"hey I'm Neil, I tweet stupid things that pop into my head because I think I'm funny. Enjoy.","url":"http:\/\/t.co\/dTIl9Y31","entities":{"url":{"urls":[{"url":"http:\/\/t.co\/dTIl9Y31","expanded_url":"http:\/\/www.youtube.com\/user\/mrbattleman","display_url":"youtube.com\/user\/mrbattlem\u2026","indices":[0,20]}]},"description":{"urls":[]}},"protected":false,"followers_count":95,"friends_count":93,"listed_count":0,"created_at":"Fri Mar 27 01:14:23 +0000 2009","favourites_count":374,"utc_offset":-25200,"time_zone":"Pacific Time (US & Canada)","geo_enabled":false,"verified":false,"statuses_count":4478,"lang":"en","contributors_enabled":false,"is_translator":false,"is_translation_enabled":false,"profile_background_color":"080808","profile_background_image_url":"http:\/\/pbs.twimg.com\/profile_background_images\/6902971\/neilssymbol.jpg","profile_background_image_url_https":"https:\/\/pbs.twimg.com\/profile_background_images\/6902971\/neilssymbol.jpg","profile_background_tile":false,"profile_image_url":"http:\/\/pbs.twimg.com\/profile_images\/604420716\/neil_normal.jpg","profile_image_url_https":"https:\/\/pbs.twimg.com\/profile_images\/604420716\/neil_normal.jpg","profile_link_color":"16E32E","profile_sidebar_border_color":"0A0A0A","profile_sidebar_fill_color":"168016","profile_text_color":"050505","profile_use_background_image":false,"default_profile":false,"default_profile_image":false,"following":true,"follow_request_sent":false,"notifications":false},"geo":null,"coordinates":null,"place":null,"contributors":null,"retweet_count":1,"favorite_count":0,"entities":{"hashtags":[],"symbols":[],"urls":[],"user_mentions":[]},"favorited":false,"retweeted":true,"lang":"en"},"retweet_count":1,"favorite_count":0,"entities":{"hashtags":[],"symbols":[],"urls":[],"user_mentions":[{"screen_name":"YoungNeilB","name":"Neil","id":26910388,"id_str":"26910388","indices":[3,14]}]},"favorited":false,"retweeted":true,"lang":"en"},"2":{"created_at":"Sat Mar 29 01:38:29 +0000 2014","id":449722228486074368,"id_str":"449722228486074368","text":"@YoungNeilB I approve of this","source":"<a href=\"http:\/\/twitter.com\/download\/android\" rel=\"nofollow\">Twitter for Android<\/a>","truncated":false,"in_reply_to_status_id":449698425752129537,"in_reply_to_status_id_str":"449698425752129537","in_reply_to_user_id":26910388,"in_reply_to_user_id_str":"26910388","in_reply_to_screen_name":"YoungNeilB","user":{"id":15258069,"id_str":"15258069","name":"Danny Blackstock","screen_name":"The_Blackstock","location":"Vancouver","description":"Seasoned seasonal seasoning seasoner.","url":"http:\/\/t.co\/bN8E2Y6eDY","entities":{"url":{"urls":[{"url":"http:\/\/t.co\/bN8E2Y6eDY","expanded_url":"http:\/\/www.dannyblackstock.com","display_url":"dannyblackstock.com","indices":[0,22]}]},"description":{"urls":[]}},"protected":false,"followers_count":104,"friends_count":296,"listed_count":2,"created_at":"Fri Jun 27 21:22:22 +0000 2008","favourites_count":4497,"utc_offset":-25200,"time_zone":"Pacific Time (US & Canada)","geo_enabled":true,"verified":false,"statuses_count":2016,"lang":"en","contributors_enabled":false,"is_translator":false,"is_translation_enabled":false,"profile_background_color":"5B79F0","profile_background_image_url":"http:\/\/abs.twimg.com\/images\/themes\/theme16\/bg.gif","profile_background_image_url_https":"https:\/\/abs.twimg.com\/images\/themes\/theme16\/bg.gif","profile_background_tile":false,"profile_image_url":"http:\/\/pbs.twimg.com\/profile_images\/3460332589\/3465f8afa3929744c6dc4c9237722f05_normal.jpeg","profile_image_url_https":"https:\/\/pbs.twimg.com\/profile_images\/3460332589\/3465f8afa3929744c6dc4c9237722f05_normal.jpeg","profile_banner_url":"https:\/\/pbs.twimg.com\/profile_banners\/15258069\/1354828481","profile_link_color":"FF0000","profile_sidebar_border_color":"BDDCAD","profile_sidebar_fill_color":"DDFFCC","profile_text_color":"333333","profile_use_background_image":false,"default_profile":false,"default_profile_image":false,"following":false,"follow_request_sent":false,"notifications":false},"geo":null,"coordinates":null,"place":null,"contributors":null,"retweet_count":0,"favorite_count":1,"entities":{"hashtags":[],"symbols":[],"urls":[],"user_mentions":[{"screen_name":"YoungNeilB","name":"Neil","id":26910388,"id_str":"26910388","indices":[0,11]}]},"favorited":false,"retweeted":false,"lang":"en"},"3":{"created_at":"Fri Mar 28 22:20:05 +0000 2014","id":449672301152600065,"id_str":"449672301152600065","text":"gimme pizza https:\/\/t.co\/KVbvPkJagW","source":"<a href=\"https:\/\/vine.co\" rel=\"nofollow\">Vine for Android<\/a>","truncated":false,"in_reply_to_status_id":null,"in_reply_to_status_id_str":null,"in_reply_to_user_id":null,"in_reply_to_user_id_str":null,"in_reply_to_screen_name":null,"user":{"id":15258069,"id_str":"15258069","name":"Danny Blackstock","screen_name":"The_Blackstock","location":"Vancouver","description":"Seasoned seasonal seasoning seasoner.","url":"http:\/\/t.co\/bN8E2Y6eDY","entities":{"url":{"urls":[{"url":"http:\/\/t.co\/bN8E2Y6eDY","expanded_url":"http:\/\/www.dannyblackstock.com","display_url":"dannyblackstock.com","indices":[0,22]}]},"description":{"urls":[]}},"protected":false,"followers_count":104,"friends_count":296,"listed_count":2,"created_at":"Fri Jun 27 21:22:22 +0000 2008","favourites_count":4497,"utc_offset":-25200,"time_zone":"Pacific Time (US & Canada)","geo_enabled":true,"verified":false,"statuses_count":2016,"lang":"en","contributors_enabled":false,"is_translator":false,"is_translation_enabled":false,"profile_background_color":"5B79F0","profile_background_image_url":"http:\/\/abs.twimg.com\/images\/themes\/theme16\/bg.gif","profile_background_image_url_https":"https:\/\/abs.twimg.com\/images\/themes\/theme16\/bg.gif","profile_background_tile":false,"profile_image_url":"http:\/\/pbs.twimg.com\/profile_images\/3460332589\/3465f8afa3929744c6dc4c9237722f05_normal.jpeg","profile_image_url_https":"https:\/\/pbs.twimg.com\/profile_images\/3460332589\/3465f8afa3929744c6dc4c9237722f05_normal.jpeg","profile_banner_url":"https:\/\/pbs.twimg.com\/profile_banners\/15258069\/1354828481","profile_link_color":"FF0000","profile_sidebar_border_color":"BDDCAD","profile_sidebar_fill_color":"DDFFCC","profile_text_color":"333333","profile_use_background_image":false,"default_profile":false,"default_profile_image":false,"following":false,"follow_request_sent":false,"notifications":false},"geo":null,"coordinates":null,"place":null,"contributors":null,"retweet_count":0,"favorite_count":1,"entities":{"hashtags":[],"symbols":[],"urls":[{"url":"https:\/\/t.co\/KVbvPkJagW","expanded_url":"https:\/\/vine.co\/v\/MO2VJAQjqri","display_url":"vine.co\/v\/MO2VJAQjqri","indices":[12,35]}],"user_mentions":[]},"favorited":false,"retweeted":false,"possibly_sensitive":false,"lang":"it"},"4":{"created_at":"Fri Mar 28 20:42:45 +0000 2014","id":449647803342405632,"id_str":"449647803342405632","text":"RT @TokyoPoliceClub: **RETWEET BONUS**\nWe have a few more #Forcedfield bootleg vinyl to give away. RT this for the chance at snagging one!\n\u2026","source":"<a href=\"http:\/\/twitter.com\/download\/android\" rel=\"nofollow\">Twitter for Android<\/a>","truncated":false,"in_reply_to_status_id":null,"in_reply_to_status_id_str":null,"in_reply_to_user_id":null,"in_reply_to_user_id_str":null,"in_reply_to_screen_name":null,"user":{"id":15258069,"id_str":"15258069","name":"Danny Blackstock","screen_name":"The_Blackstock","location":"Vancouver","description":"Seasoned seasonal seasoning seasoner.","url":"http:\/\/t.co\/bN8E2Y6eDY","entities":{"url":{"urls":[{"url":"http:\/\/t.co\/bN8E2Y6eDY","expanded_url":"http:\/\/www.dannyblackstock.com","display_url":"dannyblackstock.com","indices":[0,22]}]},"description":{"urls":[]}},"protected":false,"followers_count":104,"friends_count":296,"listed_count":2,"created_at":"Fri Jun 27 21:22:22 +0000 2008","favourites_count":4497,"utc_offset":-25200,"time_zone":"Pacific Time (US & Canada)","geo_enabled":true,"verified":false,"statuses_count":2016,"lang":"en","contributors_enabled":false,"is_translator":false,"is_translation_enabled":false,"profile_background_color":"5B79F0","profile_background_image_url":"http:\/\/abs.twimg.com\/images\/themes\/theme16\/bg.gif","profile_background_image_url_https":"https:\/\/abs.twimg.com\/images\/themes\/theme16\/bg.gif","profile_background_tile":false,"profile_image_url":"http:\/\/pbs.twimg.com\/profile_images\/3460332589\/3465f8afa3929744c6dc4c9237722f05_normal.jpeg","profile_image_url_https":"https:\/\/pbs.twimg.com\/profile_images\/3460332589\/3465f8afa3929744c6dc4c9237722f05_normal.jpeg","profile_banner_url":"https:\/\/pbs.twimg.com\/profile_banners\/15258069\/1354828481","profile_link_color":"FF0000","profile_sidebar_border_color":"BDDCAD","profile_sidebar_fill_color":"DDFFCC","profile_text_color":"333333","profile_use_background_image":false,"default_profile":false,"default_profile_image":false,"following":false,"follow_request_sent":false,"notifications":false},"geo":null,"coordinates":null,"place":null,"contributors":null,"retweeted_status":{"created_at":"Fri Mar 28 17:43:38 +0000 2014","id":449602729573625857,"id_str":"449602729573625857","text":"**RETWEET BONUS**\nWe have a few more #Forcedfield bootleg vinyl to give away. RT this for the chance at snagging one!\nhttp:\/\/t.co\/bmGeSY6uTe","source":"web","truncated":false,"in_reply_to_status_id":null,"in_reply_to_status_id_str":null,"in_reply_to_user_id":null,"in_reply_to_user_id_str":null,"in_reply_to_screen_name":null,"user":{"id":17492931,"id_str":"17492931","name":"Tokyo Police Club","screen_name":"TokyoPoliceClub","location":"T dot","description":"Get Forcefield on iTunes: http:\/\/t.co\/OrXiNa3FUS","url":"http:\/\/t.co\/5wPA76AHGg","entities":{"url":{"urls":[{"url":"http:\/\/t.co\/5wPA76AHGg","expanded_url":"http:\/\/www.tokyopoliceclub.com","display_url":"tokyopoliceclub.com","indices":[0,22]}]},"description":{"urls":[{"url":"http:\/\/t.co\/OrXiNa3FUS","expanded_url":"http:\/\/smarturl.it\/forcefield","display_url":"smarturl.it\/forcefield","indices":[26,48]}]}},"protected":false,"followers_count":51564,"friends_count":82,"listed_count":1544,"created_at":"Wed Nov 19 19:22:29 +0000 2008","favourites_count":18,"utc_offset":-18000,"time_zone":"Central Time (US & Canada)","geo_enabled":true,"verified":true,"statuses_count":2743,"lang":"en","contributors_enabled":false,"is_translator":false,"is_translation_enabled":false,"profile_background_color":"EB3520","profile_background_image_url":"http:\/\/pbs.twimg.com\/profile_background_images\/378800000167888908\/s_sfcWbg.jpeg","profile_background_image_url_https":"https:\/\/pbs.twimg.com\/profile_background_images\/378800000167888908\/s_sfcWbg.jpeg","profile_background_tile":false,"profile_image_url":"http:\/\/pbs.twimg.com\/profile_images\/422964531090837505\/l37-xDe3_normal.jpeg","profile_image_url_https":"https:\/\/pbs.twimg.com\/profile_images\/422964531090837505\/l37-xDe3_normal.jpeg","profile_banner_url":"https:\/\/pbs.twimg.com\/profile_banners\/17492931\/1389677670","profile_link_color":"651969","profile_sidebar_border_color":"FFFFFF","profile_sidebar_fill_color":"F0ECEA","profile_text_color":"333333","profile_use_background_image":true,"default_profile":false,"default_profile_image":false,"following":true,"follow_request_sent":false,"notifications":false},"geo":null,"coordinates":null,"place":null,"contributors":null,"retweet_count":973,"favorite_count":67,"entities":{"hashtags":[{"text":"Forcedfield","indices":[37,49]}],"symbols":[],"urls":[{"url":"http:\/\/t.co\/bmGeSY6uTe","expanded_url":"http:\/\/bit.ly\/1hrIBG7","display_url":"bit.ly\/1hrIBG7","indices":[118,140]}],"user_mentions":[]},"favorited":false,"retweeted":true,"possibly_sensitive":false,"lang":"en"},"retweet_count":973,"favorite_count":0,"entities":{"hashtags":[{"text":"Forcedfield","indices":[58,70]}],"symbols":[],"urls":[{"url":"http:\/\/t.co\/bmGeSY6uTe","expanded_url":"http:\/\/bit.ly\/1hrIBG7","display_url":"bit.ly\/1hrIBG7","indices":[139,140]}],"user_mentions":[{"screen_name":"TokyoPoliceClub","name":"Tokyo Police Club","id":17492931,"id_str":"17492931","indices":[3,19]}]},"favorited":false,"retweeted":true,"possibly_sensitive":false,"lang":"en"},"httpstatus":200}